年/月,1,2,3,4,5,6,7,8,9,10,11,12,平均
1968,--,--,--,--,--,--,--,--,26.4,22.5,20.3,19.2,22.1
1969,18.1,16.2,18.3,22.3,26,26.4,28.6,27.4,26.6,22.3,19.1,16.4,22.3
1970,14.7,16.9,16.6,21,25.5,27.1,28.2,27.6,26.5,24.6,21.1,18.3,22.3
1971,13.5,15.9,18.3,22.7,24.7,27.5,28.4,27.5,26.2,22.8,19.2,17.4,22
1972,16.1,15.5,18.2,21.7,25.6,27.1,27.5,26.7,26.5,24.1,21.5,17.6,22.3
1973,16,19.4,20.4,23.6,26.3,27.2,27.5,26.9,26.7,24.1,20.4,15.1,22.8
1974,15.4,15.2,18.5,22.7,25.9,26.7,27.9,27.4,26.4,24.8,21.3,19,22.6
1975,15.8,17.7,19.1,24.1,25.9,26.7,28.1,27.4,27.1,25.6,20.5,14.9,22.7
1976,15,17.9,18.8,22,25.3,27.3,27.7,27.4,26.1,24.2,19.1,17.4,22.3
1977,15.7,14.9,20.3,24.1,26.6,27.2,28.2,28.1,27.2,24.4,19.7,19.2,23
1978,15.6,17.2,19.9,23,25.3,28.1,28.5,27.7,27.3,23.6,20.6,17.9,22.9
1979,17.6,18.5,19.9,22.8,24.5,26.5,28.9,27.5,26.6,22.3,20,17.8,22.7
1980,16.2,15.8,21,22.6,25.5,28.7,29,28,26.6,24.7,21.9,16.8,23.1
1981,15.7,18,21.2,24.2,24.9,27.2,27.9,28.5,26.6,24.3,20.6,16.3,23
1982,15.7,17.1,20.1,21,25.6,27.1,28.3,27.7,26.8,24.6,22.2,17.1,22.8
1983,16.1,16,18.5,24,25.7,28,29.6,28,27.6,25.5,19.6,16,22.9
1984,15,15.6,18.6,21.9,24.7,27.8,28.4,27.5,27,24.4,21.7,17.1,22.5
1985,16.1,17.3,16.9,22,26.6,27,28.2,27.4,26.9,25,21,16.7,22.6
1986,14.6,14.9,18.7,23.8,25.2,27.6,28.7,28.2,26.5,23.9,20.9,17.3,22.5
1987,15.9,17.3,20.9,22.4,25.5,27.5,28.6,28.8,25.9,24.9,21.8,16.3,23
1988,17,16.8,17.5,21.1,26.5,28,28.7,27.3,26.5,24.2,18.6,15.6,22.3
1989,16.8,16.6,17.9,23.2,25.1,27.4,28.4,28.4,26.7,23.8,20.6,16.5,22.6
1990,16.8,18,19,22,25.2,27.3,28.5,28.1,26.9,23.8,21.8,18.2,23
1991,16.8,17.2,21.2,23,26.1,28.4,28.4,28.5,26.8,23.1,20.4,17.8,23.1
1992,15.6,15.9,20.3,22.6,24.5,27.5,28.2,27.8,27,22.6,19.8,18.8,22.6
1993,15.5,18,19.5,22.3,25.8,28,29,28.5,27,23.7,22.1,17.7,23.1
1994,17,18,18,25,26.5,27.8,28.4,27.5,26,23.4,21.6,20.5,23.3
1995,16.3,15.5,18.6,23.4,25.3,28.3,28.1,27.6,27,24.7,19.9,16.1,22.6
1996,16.4,15.8,20.5,19.5,24.5,28.4,28.9,28,27.6,25,22.4,17.4,22.9
1997,16.1,16.3,20.6,23.6,26,27.4,28.2,28.1,26,24.9,21.9,18.9,23.2
1998,17.7,18,20.8,24.9,26.5,27.9,29.2,28.8,26.9,25.2,22.9,19.6,24
1999,17.4,17.7,21.4,23.8,24.6,28.4,28,27.4,27,25,21.5,17.1,23.3
2000,16.8,16.3,18.8,23.2,25.6,27.9,28.2,27.6,26.7,25.6,22,19.4,23.2
2001,17.4,18.3,20.5,22.8,26.3,28,28.4,28.8,26.1,24.2,19.8,18.4,23.3
2002,16.9,18.5,21.7,24.5,26.2,28.7,28.4,28.6,27,25.1,21.1,19.1,23.8
2003,16.2,18.9,19.8,24.1,26.4,27.6,29.8,28.5,27.8,24.2,22.7,17.2,23.6
2004,16.4,17.5,19.5,23.1,27,28.2,28.2,28.5,27,22.7,21.7,18.8,23.2
2005,16.1,17.1,17.6,23.4,26.9,27.8,28.9,28.2,28,25.1,22.7,16.6,23.2
2006,17.5,18.2,19.6,24.4,26.3,27.5,28.8,28.5,27,25.5,23,18.8,23.8
2007,17.3,19.7,21.3,22.6,26.7,28.5,30,27.9,27.7,24.7,20.7,18.9,23.8
2008,17.6,14.7,20,23.9,25.8,27.8,28.4,28.6,27.5,26.5,21.7,17.9,23.4
2009,15.6,21.5,20.1,22.5,25.7,28.1,29.3,28.7,28.9,25,21.6,17.5,23.7
2010,17.2,19.1,21.4,22.2,26.5,27.7,29,28.8,27.5,25.1,20.9,17.6,23.6
2011,14.7,16.9,18,22.7,25.6,28.7,28.7,29.1,27.5,24.9,23.2,17.9,23.2
2012,16.6,16.6,19.9,24.8,26.9,27.9,29,28.1,27.6,24.5,22.2,18.4,23.5
2013,16.7,19.4,21,22.5,26.6,28.8,28.4,28,27.5,24.2,21.4,16.8,23.4
2014,16.1,17.1,19.9,23.5,26.2,28.7,30.1,28.9,28.8,24.8,22.6,16.9,23.6
2015,16.8,18.1,20.9,24.1,27.3,30.1,29.2,28.1,27.5,25.8,24,19.8,24.3
2016,16.9,16.6,18.7,25.4,27.9,29.1,29.5,29,27.6,27.3,23.4,20.4,24.3
2017,19,18,20.8,23.9,27,29,28.9,29.8,29.5,26.2,23.3,18.6,24.5
2018,17.4,16.8,21,24.6,28.5,28.5,29,28.3,28.1,24.6,23.1,20.7,24.2
2019,19.2,21.2,21.6,25.1,25.9,28.9,29.2,28.5,27.8,25.9,22.6,19.1,24.6
2020,18.2,19.2,22.4,22.4,27.8,29.8,30.2,28.8,28.5,25.9,23.7,19.8,24.7
2021,15.7,18.7,21.4,23.7,28.9,28.2,28.9,28.1,28.9,26.4,22.2,18.4,24.1
2022,17.7,16.8,21.7,23.4,24.8,28.7,29.7,28.6,27.7,25.3,24.3,17.6,23.9
2023,17.2,18.2,20.4,24.1,26.5,28.7,29.2,29,28.2,25.9,22.3,19.7,24.1
2024,17.2,19.2,21.1,26.1,26.1,29.1,29.1,29,28.3,26.3,22.7,17.9,24.3
2025,16,16.1,--,--,--,--,--,--,--,--,--,--,16.1
平均,16.5,17.4,19.8,23.2,26,28,28.7,28.1,27.2,24.6,21.5,17.9,平均
